<costumes anm2root="gfx/characters/">
    <!-- Characters extra. Don't add base costume here!-->
    <costume anm2path="character_jez_extra.anm2"        type="none"     priority="99" />
    <costume anm2path="character_solomon_extra1.anm2"   type="none"     priority="98" />
    <costume anm2path="character_solomon_extra2.anm2"   type="none"     priority="99" />
    <!-- Item costumes-->
    <costume id="1" anm2path="alphaArmor.anm2"                 type="passive"  priority="99" hasSkinAlt="true"/>
    <costume id="2" anm2path="treemanSyndrome.anm2"            type="passive"  priority="10" hasSkinAlt="false"/>
    <costume id="10" anm2path="toyHelicopter.anm2"             type="passive"  priority="99" hasSkinAlt="false"/>
    <costume id="16" anm2path="mudPie.anm2"                    type="passive"  priority="99" hasSkinAlt="false"/>
    <costume id="20" anm2path="champsMask.anm2"                type="passive"  priority="99" hasSkinAlt="false"/>
</costumes>