<ItemPools>
    <Pool Name="treasure">
        <Item Name="Alpha Armor" Weight="1" DecreaseBy="0.5" RemoveOn="0.05"/>
        <Item Name="Robo-Baby Zero" Weight="1" DecreaseBy="0.5" RemoveOn="0.05"/>
        <Item Name="Onyx Marble" Weight="1" DecreaseBy="0.5" RemoveOn="0.05"/>
        <Item Name="Atom Bomb Baby" Weight="1" DecreaseBy="0.5" RemoveOn="0.05"/>
        <!--<Item Name="B.H.F." Weight="1" DecreaseBy="0.5" RemoveOn="0.05"/>-->
        <Item Name="Crowbar" Weight="1" DecreaseBy="0.5" RemoveOn="0.05"/>
        <Item Name="Tech Nano" Weight="1" DecreaseBy="0.5" RemoveOn="0.05"/>
    </Pool>
    <Pool Name="shop">
        <Item Name="Toy Helicopter" Weight="1" DecreaseBy="0.5" RemoveOn="0.05"/>
    </Pool>
    
    <Pool Name="boss">
        <Item Name="Grub" Weight="1" DecreaseBy="0.5" RemoveOn="0.05"/>
        <Item Name="Mud Pie" Weight="1" DecreaseBy="0.5" RemoveOn="0.05"/>
        <Item Name="Houseplant" Weight="1" DecreaseBy="0.5" RemoveOn="0.05"/>
    </Pool>
    
    <Pool Name="goldenChest">
        <Item Name="Toy Helicopter" Weight="1" DecreaseBy="0.5" RemoveOn="0.05"/>
        <Item Name="Crowbar" Weight="1" DecreaseBy="0.5" RemoveOn="0.05"/>
    </Pool>
    <Pool Name="secret">
        <Item Name="Alpha Armor" Weight="1" DecreaseBy="0.5" RemoveOn="0.05"/>
        <Item Name="Item" Weight="1" DecreaseBy="0.5" RemoveOn="0.05"/>
        <Item Name="The Human Soul" Weight="1" DecreaseBy="0.5" RemoveOn="0.05"/>
        <Item Name="Tech Nano" Weight="1" DecreaseBy="0.5" RemoveOn="0.05"/>
    </Pool>
    <Pool Name="curse">
        <Item Name="Treeman Syndrome" Weight="1" DecreaseBy="0.5" RemoveOn="0.05"/>
        <Item Name="50 Shades Of Grey" Weight="1" DecreaseBy="0.5" RemoveOn="0.05"/>
    </Pool>
    <Pool Name="devil">
        <Item Name="Treeman Syndrome" Weight="1" DecreaseBy="0.5" RemoveOn="0.05"/>
        <Item Name="50 Shades Of Grey" Weight="1" DecreaseBy="0.5" RemoveOn="0.05"/>
    </Pool>
    <Pool Name="angel">
        <!--<Item Name="Faithful Fleet" Weight="1" DecreaseBy="0.5" RemoveOn="0.05"/>-->
        <Item Name="The Human Soul" Weight="1" DecreaseBy="0.5" RemoveOn="0.05"/>
    </Pool>
    <Pool Name="rottenBeggar">
        <Item Name="Treeman Syndrome" Weight="1" DecreaseBy="0.5" RemoveOn="0.05"/>
    </Pool>
    <Pool Name="babyShop">
        <Item Name="Robo-Baby Zero" Weight="1" DecreaseBy="0.5" RemoveOn="0.05"/>
        <Item Name="Onyx Marble" Weight="1" DecreaseBy="0.5" RemoveOn="0.05"/>
        <Item Name="Atom Bomb Baby" Weight="1" DecreaseBy="0.5" RemoveOn="0.05"/>
        <!--<Item Name="B.H.F." Weight="1" DecreaseBy="0.5" RemoveOn="0.05"/>-->
    </Pool>

    <Pool Name="library">
        <Item Name="50 Shades Of Grey" Weight="1" DecreaseBy="0.5" RemoveOn="0.05"/>
    </Pool>
    <!--
    <Pool Name="treasure">
        <Item Name="Popped Balloon" Weight="1" DecreaseBy="0.5" RemoveOn="0.05"/>
    </Pool>
    <Pool Name="secret">
        <Item Name="Popped Balloon" Weight="1" DecreaseBy="0.5" RemoveOn="0.05"/>
    </Pool>
    -->
</ItemPools>