<pocketitems>
<!--Mahjong Tiles-->
	<card type="object" name="White Dragon" description="Soap" hud="White Dragon" mimiccharge="12" pickup="811"/>
	<card type="object" name="Red Dragon" description="" hud="Red Dragon" mimiccharge="" pickup="811"/>
	<card type="object" name="Green Dragon" description="" hud="Green Dragon" mimiccharge="" pickup="811"/>

	<card type="object" name="1 Dot" description="Convert all" hud="1 Dot" mimiccharge="8" pickup="811"/>
	<card type="object" name="1 Bam" description="Convert all" hud="1 Bam" mimiccharge="6" pickup="811"/>
	<card type="object" name="1 Crak" description="Convert all" hud="1 Crak" mimiccharge="6" pickup="811"/>
	
	<card type="object" name="9 Dot" description="Converge" hud="9 Dot" mimiccharge="3" pickup="811"/>
	<card type="object" name="9 Bam" description="Converge" hud="9 Bam" mimiccharge="3" pickup="811"/>
	<card type="object" name="9 Crak" description="Converge" hud="9 Crak" mimiccharge="3" pickup="811"/>
<!--New tarots-->
	<card type="tarot" name="Misprinted Justice" description="nd move onMay your future beco" hud="Misprinted Justice" mimiccharge="4" pickup="806"/>
<!--Shotgun King Cards-->
	<card type="special" name="Cornered Despot" description="Hug the edges" hud="Cornered Despot" mimiccharge="3" pickup="801"/>
	<card type="special" name="August Presence" description="None shall approach" hud="August Presence" mimiccharge="3" pickup="801"/>
	<card type="special" name="Homecoming" description="You just can't seem to escape her" hud="Homecoming" mimiccharge="4" pickup="802"/>
	<card type="special" name="Ammunition Depot" description="Treasure within fortification" hud="Ammunition Depot" mimiccharge="6" pickup="802"/>
<!--100% Orange Juice cards-->
	<card type="special" name="Mimyuu's Hammer" description="Bonk!" hud="Mimyuu's Hammer" mimiccharge="3" pickup="803"/>
	<card type="special" name="Flip Out" description="Equalized loss" hud="Flip Out" mimiccharge="3" pickup="803"/>
	<card type="special" name="Oh My Friend" description="Here it comes...!" hud="Oh My Friend" mimiccharge="4" pickup="803"/>
	<card type="special" name="Flamethrower" description="Kill and steal" hud="Flamethrower" mimiccharge="6" pickup="803"/>
<!--Yu-Gi-Oh cards-->
	<card type="special" name="Time Wizard" description="GO TIME ROULETTE!" hud="Time Wizard" mimiccharge="3" pickup="800"/>
	<card type="special" name="Toon World" description="Welcome to Toon World!" hud="Toon World" mimiccharge="3" pickup="800"/>
	<card type="special" name="Seal of Orichalcos" description="Raise the stakes" hud="Seal of Orichalcos" mimiccharge="4" pickup="800"/>
	<card type="special" name="Polymerization" description="Do the monster mash!" hud="Polymerization" mimiccharge="6" pickup="800"/>
<!--Amiibo cards-->
	<card type="special" name="Ankha" description="You know her, you love her....ugh..." hud="Ankha" mimiccharge="3" pickup="804"/>
	<card type="special" name="Coco" description="Gyroid gynoid" hud="Coco" mimiccharge="3" pickup="804"/>
	<card type="special" name="Raymond" description="Everyone wants him" hud="Raymond" mimiccharge="4" pickup="804"/>
	<card type="special" name="Stitches" description="Lives up to his name!" hud="Stitches" mimiccharge="6" pickup="804"/>
<!--The Void Rains Upon Her Heart cards-->
	<card type="special" name="Quicklove" description="Damage up!" hud="Quicklove" mimiccharge="3" pickup="807"/>
	<card type="special" name="Starlight" description="Health up!" hud="Starlight" mimiccharge="3" pickup="808"/>
	<card type="special" name="Lucky Flower" description="Luck up!" hud="Lucky Flower" mimiccharge="4" pickup="809"/>
	<card type="special" name="Pale Box" description="Hold up!" hud="Pale Box" mimiccharge="6" pickup="810"/>
<!--Slay The Spire cards-->
	<card type="special" name="Zap" description="It seems defective..." hud="Zap" mimiccharge="4" pickup="805"/>
	<card type="special" name="Blade Dance" description="Endless blades" hud="Blade Dance" mimiccharge="6" pickup="805"/>
<!--Other cards-->
	<card type="special" name="Bank Error In Your Favor" description="Huh, they withdrew a little extra!" hud="Bank Error In Your Favor" mimiccharge="6" pickup="12"/>


</pocketitems>