<sounds root="sfx/">
    <sound name="AcmeDeath">
		<sample weight="1" path="acme/acmeDeath.wav" />
		<sample weight="0.01" path="acme/acmeDeathFunny.wav" />
	</sound>
	<sound name="AcmeIdle">
		<sample weight="1" path="acme/acmeIdle1.wav" />
		<sample weight="1" path="acme/acmeIdle2.wav" />
		<sample weight="1" path="acme/acmeIdle3.wav" />
	</sound>
	<sound name="DesirerAttack">
		<sample weight="1" path="desirerAttack1.wav" />
		<sample weight="1" path="desirerAttack2.wav" />
		<sample weight="1" path="desirerAttack3.wav" />
		<sample weight="1" path="desirerAttack4.wav" />
	</sound>
	<sound name="SeducerAttack">
		<sample weight="1" path="seducerAttack1.wav" />
		<sample weight="1" path="seducerAttack2.wav" />
		<sample weight="1" path="seducerAttack3.wav" />
	</sound>
	<sound name="Wheeze">
		<sample weight="1" path="wheeze1.wav" />
		<sample weight="1" path="wheeze2.wav" />
		<sample weight="1" path="wheeze3.wav" />
		<sample weight="1" path="wheeze4.wav" />
	</sound>
	<sound name="CartoonRicochet">
		<sample weight="1" path="cartoonRicochet1.wav" />
		<sample weight="1" path="cartoonRicochet2.wav" />
		<sample weight="1" path="cartoonRicochet3.wav" />
		<sample weight="1" path="cartoonRicochet4.wav" />
	</sound>
	<sound name="TippyTapLoop">
		<sample weight="1" path="tippyTapLoop.wav" />
	</sound>
	<sound name="TippyTapStep">
		<sample weight="1" path="tippyTapStep.wav" />
	</sound>
	<sound name="CroastLand">
		<sample weight="1" path="croastHorridSplortch.wav" />
	</sound>

	<sound name="MabelAlert">
		<sample weight="1" path="mabelAlert.wav" />
	</sound>
	<sound name="MabelLoop">
		<sample weight="1" path="mabelLoop.wav" />
	</sound>
	<sound name="MabelRev">
		<sample weight="1" path="mabelRev.wav" />
	</sound>
	<sound name="MabelStop">
		<sample weight="1" path="mabelStop.wav" />
	</sound>
	<sound name="MabelVroom">
		<sample weight="1" path="mabelVroom.wav" />
	</sound>
	<sound name="PongPop">
		<sample weight="1" path="pongPop1.wav" />
		<sample weight="1" path="pongPop2.wav" />
	</sound>
	<sound name="PuerIdle">
		<sample weight="1" path="puerIdle.wav" />
	</sound>
	<sound name="PuerTele">
		<sample weight="1" path="puerTeleportv2.wav" />
	</sound>
	<sound name="PuerShoot">
		<sample weight="1" path="puerShoot.wav" />
	</sound>
	<sound name="SkipFlyBounce">
		<sample weight="1" path="skipFlyBounce1.wav" />
		<sample weight="1" path="skipFlyBounce2.wav" />
		<sample weight="1" path="skipFlyBounce3.wav" />
	</sound>
	<!--Bosses-->
		<!--Thaumaturge-->
		<sound name="ThaumLaugh">
			<sample weight="1" path="bosses/thaumaturge/laugh01.wav" />
			<sample weight="1" path="bosses/thaumaturge/laugh02.wav" />
		</sound>
		<sound name="ThaumShoot">
			<sample weight="1" path="bosses/thaumaturge/shoot01.wav" />
			<sample weight="1" path="bosses/thaumaturge/shoot02.wav" />
		</sound>
		<sound name="ThaumTaunt">
			<sample weight="1" path="bosses/thaumaturge/taunt01.wav" />
			<sample weight="1" path="bosses/thaumaturge/taunt02.wav" />
		</sound>
		<sound name="ThaumDeath">
			<sample weight="1" path="bosses/thaumaturge/death01.wav" />
			<sample weight="1" path="bosses/thaumaturge/death02.wav" />
		</sound>
		<!--Spiderboi-->
		<sound name="SBoiAppear">
			<sample weight="1" path="bosses/spiderboi/spiderBoiAppear.wav" />
		</sound>
		<sound name="SBoiSpit">
			<sample weight="1" path="bosses/spiderboi/spiderBoiSpit1.wav" />
			<sample weight="1" path="bosses/spiderboi/spiderBoiSpit2.wav" />
			<sample weight="1" path="bosses/spiderboi/spiderBoiSpit3.wav" />
		</sound>
		<sound name="SBoiJump">
			<sample weight="1" path="bosses/spiderboi/spiderBoiJump1.wav" />
			<sample weight="1" path="bosses/spiderboi/spiderBoiJump2.wav" />
			<sample weight="1" path="bosses/spiderboi/spiderBoiJump3.wav" />
		</sound>
	<!--Items-->
	<sound name="ArmorBlock">
		<sample weight="1" path="items/armorBreak.wav" />
	</sound>
	<!--Trinkets-->
	<sound name="DemonCoreEffect">
		<sample weight="1" path="items/demonCoreEffect.wav" />
	</sound>
	<sound name="CharlesCue">
		<sample weight="1" path="items/charlesCue.wav" />
	</sound>
	<sound name="CharlesCueFunny">
		<sample weight="1" path="items/charlesCueFunny.wav" />
	</sound>
	<sound name="ToyHeli">
		<sample weight="1" path="items/toyHelicopterAttack.wav" />
	</sound>
	<!--Pickups-->
	<sound name="KickCube1">
		<sample weight="1" path="pickups/kickCubeSpinTier1.wav" />
	</sound>
	<sound name="KickCube2">
		<sample weight="1" path="pickups/kickCubeSpinTier2.wav" />
	</sound>
	<sound name="KickCube3">
		<sample weight="1" path="pickups/kickCubeSpinTier3.wav" />
	</sound>
	<sound name="FunnyPipe">
		<sample weight="1" path="pickups/funnyPipeSound.wav" />
	</sound>
	<!--Plays when the Deflated Balloon bloons are popped.-->
	<sound name="BloonsPop">
		<sample weight="1" path="items/bloonsPop1.wav" />
		<sample weight="1" path="items/bloonsPop2.wav" />
		<sample weight="1" path="items/bloonsPop3.wav" />
	</sound>
	<!--Familiars-->
	<!--A loop of Camel By Camel that I slowed, then put through some Post-Awareness type bullshit. Should play really quietly and at a very low pitch, as a looping sound, when near the Ankha familiar.-->
	<sound name="AnkhaLoop">
		<sample weight="1" path="items/ankhaLoop.wav" />
	</sound>
	<sound name="BHFExplodePrepare">
		<sample weight="1" path="items/bhfExplodePrepare.wav" />
	</sound>
	<sound name="BHFExplode">
		<sample weight="1" path="items/bhfExplode.wav" />
	</sound>
	<sound name="BHFRespawn">
		<sample weight="1" path="items/bhfRespawn.wav" />
	</sound>
	<!--Consumables-->
	<sound name="AmiiboCard">
		<sample weight="1" path="cards/amiiboCard.wav" />
	</sound>
	<sound name="OJCard">
		<sample weight="1" path="cards/orangeJuiceCard.wav" />
	</sound>
	<sound name="ShotgunKingCard">
		<sample weight="1" path="cards/shotgunKingCard.wav" />
	</sound>
	<sound name="VoidRainCard">
		<sample weight="1" path="cards/voidRainCard.wav" />
	</sound>
	<sound name="YugiohCard">
		<sample weight="1" path="cards/yugiohCard.wav" />
	</sound>

	<sound name="MahjongIllegal">
		<sample weight="1" path="cards/mahjongIllegal.wav" />
	</sound>
	<sound name="MahjongMatch">
		<sample weight="1" path="cards/mahjongMatch.wav" />
	</sound>
	<sound name="MahjongLayout">
		<sample weight="1" path="cards/mahjongLayout.wav" />
	</sound>
	<sound name="MahjongSelect">
		<sample weight="1" path="cards/mahjongSelect.wav" />
	</sound>
</sounds>