<data>
  <!-- Pickups -->
    <entity Image="icons/pickups/kickcube.png" Name="Kick Cube" ID="5" Variant="69" Subtype="30" />
    <entity Image="icons/pickups/jump_crystal.png" Name="Jump Crystal" ID="501" Variant="12" Subtype="0" />
  <!-- Chapter 1 (Main Path) Enemies -->
  <entity Image="icons/ms_horf.png" Name="Ms. Horf" ID="501" Variant="15" Subtype="0" />
  <entity Image="icons/chaff.png" Name="Chaff" ID="26" Variant="31" Subtype="0" />
  <entity Image="icons/batso.png" Name="Batso" ID="258" Variant="10" Subtype="0" />
  <entity Image="icons/eternalfly.png" Name="Eternal Fly" ID="501" Variant="461" Subtype="0" />
  <entity Image="icons/inch_worm.png" Name="Inch Worm" ID="501" Variant="13" Subtype="0" />
  <entity Image="icons/chode.png" Name="Chode" ID="501" Variant="13" Subtype="1" />
  <entity Image="icons/paf.png" Name="Paf" ID="501" Variant="21" Subtype="0" />
  <entity Image="icons/feral_awake.png" Name="Feral (awake)" ID="501" Variant="20" Subtype="0" />
  <entity Image="icons/feral_asleep.png" Name="Feral (asleep)" ID="501" Variant="20" Subtype="128" />
  <entity Image="icons/skipfly.png" Name="Skip Fly" ID="501" Variant="22" Subtype="0" />
  <entity Image="icons/cherry.png" Name="Cherry" ID="501" Variant="28" Subtype="0" />
  
  <entity Image="icons/flapjack.png" Name="Flapjack" ID="501" Variant="23" Subtype="0" />
  <entity Image="icons/flapstack_2.png" Name="Flapstack (2)" ID="501" Variant="24" Subtype="1" />
  <entity Image="icons/flapstack_3.png" Name="Flapstack (3)" ID="501" Variant="24" Subtype="2" />
  <entity Image="icons/flapstack_4.png" Name="Flapstack (4)" ID="501" Variant="24" Subtype="3" />
  <entity Image="icons/flapstack_5.png" Name="Flapstack (5)" ID="501" Variant="24" Subtype="4" />
  <!-- Burning Basement Enemies -->
  <entity Image="icons/grilled_flapjack.png" Name="Grilled Flapjack" ID="501" Variant="25" Subtype="0" />
  <entity Image="icons/grilled_flapstack_2.png" Name="Grilled Flapstack (2)" ID="501" Variant="26" Subtype="1" />
  <entity Image="icons/grilled_flapstack_3.png" Name="Grilled Flapstack (3)" ID="501" Variant="26" Subtype="2" />
  <entity Image="icons/grilled_flapstack_4.png" Name="Grilled Flapstack (4)" ID="501" Variant="26" Subtype="3" />
  <entity Image="icons/grilled_flapstack_5.png" Name="Grilled Flapstack (5)" ID="501" Variant="26" Subtype="4" />


  <!-- Hoard Events -->
  <entity Image="icons/grids/hoarderbasement.png" Name="Hoarder Basement Backdrop" ID="150" Variant="1000" Subtype="13" Metadata="1">
    <Gfx RoomGfx="Hoarder Basement Backdrop" />
  </entity>

  <!-- Hoard Enemies -->
  <entity Image="icons/acme.png" Name="Acme" ID="10" Variant="40" Subtype="0" />
  <entity Image="icons/sleazebag.png" Name="Sleazebag" ID="22" Variant="50" Subtype="0" />
  <entity Image="icons/skooter.png" Name="Skooter" ID="666" Variant="60" Subtype="10" />
  <entity Image="icons/superskooter.png" Name="Super Skooter" ID="666" Variant="60" Subtype="11" />
  <entity Image="icons/plane_creep.png" Name="Plane Creep" ID="240" Variant="40" PlaceVisual="WallSnap" />
  <entity Image="icons/innie_cw.png" Name="Innie (Turn right)" ID="501" Variant="6" Subtype="0" >
    <bitfield Key="Subtype">
            <dropdown Length="2">
                <choice>Random</choice>
                <choice>Up</choice>
                <choice>Right</choice>
                <choice>Down</choice>
                <choice>Left</choice>
            </dropdown>
        </bitfield>
  </entity>
  <entity Image="icons/innie_ccw.png" Name="Innie (Turn left)" ID="501" Variant="7" Subtype="0" >
    <bitfield Key="Subtype">
            <dropdown Length="2">
                <choice>Random</choice>
                <choice>Up</choice>
                <choice>Right</choice>
                <choice>Down</choice>
                <choice>Left</choice>
            </dropdown>
        </bitfield>
  </entity>
  <entity Image="icons/ping.png" Name="Ping" ID="501" Variant="8" Subtype="0" />
  <entity Image="icons/pong.png" Name="Pong" ID="501" Variant="9" Subtype="0" />
  <entity Image="icons/inch_worm.png" Name="Inch Worm" ID="501" Variant="13" Subtype="0" />
  <entity Image="icons/chode.png" Name="Chode" ID="501" Variant="13" Subtype="1" />
  <entity Image="icons/drone.png" Name="Drone" ID="214" Variant="20" Subtype="0" />
  <entity Image="icons/unboxer.png" Name="Drone" ID="215" Variant="20" Subtype="0" />

  <!-- Downpour Enemies -->
  <entity Image="icons/hydro_knight.png" Name="Hydro Knight" ID="41" Variant="50" Subtype="0" />
  <entity Image="icons/sub_paf.png" Name="Sub Paf" ID="501" Variant="21" Subtype="1" />
  
  <!-- Dross Enemies -->
  <entity Image="icons/culo.png" Name="Culo" ID="305" Variant="30" Subtype="0" />
  <entity Image="icons/shithead.png" Name="Shithead" ID="501" Variant="27" Subtype="0" />
  <!--Chapter 2 (Main Path) Enemies-->
  <!--Scarred Womb Enemies-->
  <entity Image="icons/earth_worm.png" Name="Earth Worm" ID="501" Variant="13" Subtype="2" />
  <!-- Caves Enemies -->
  <entity Image="icons/tippytap.png" Name="Tippytap" ID="27" Variant="40" Subtype="0" />
  <entity Image="icons/croast.png" Name="Croast" ID="27" Variant="41" Subtype="0" />
  <entity Image="icons/funguy.png" Name="Fun Guy" ID="501" Variant="11" Subtype="0" />
  <!-- Catacombs Enemies -->
  
  <!-- Mines Enemies-->
  <entity Image="icons/kettle.png" Name="Kettle" ID="501" Variant="1" Subtype="0" />
  <entity Image="icons/crockpot.png" Name="Crockpot" ID="501" Variant="3" Subtype="0" >
    <bitfield Key="Subtype">
      <checkbox Length="1" Name="Persist">
        <tooltip>If set, the Crockpot will stay active even with a room labeled as cleared. This is meant for use in trap rooms only, generally speaking.</tooltip>
      </checkbox>
    </bitfield>
  </entity>
  <entity Image="icons/spicy_bony.png" Name="Spicy Bony" ID="227" Variant="20" Subtype="0" />
  <!-- Depths Enemies -->
  <entity Image="icons/pale_sniffle.png" Name="Pale Sniffle" ID="153" Variant="20" Subtype="0" />
  <entity Image="icons/desirer.png" Name="Desirer" ID="86" Variant="10" Subtype="0" />
  <entity Image="icons/seducer.png" Name="Seducer" ID="86" Variant="11" Subtype="0" />
  <entity Image="icons/humbled.png" Name="Humbled" ID="884" Variant="10" Subtype="0">
    <bitfield Key="Subtype">
      <spinner Length="5" ValueOffset="1" Name="Amount to spawn">
        <tooltip>It's how many Humbled spawn at once</tooltip>
      </spinner>
    </bitfield>
  </entity>
  <!--Gehenna Enemies-->
  <entity Image="icons/mabel.png" Name="Mabel" ID="501" Variant="10" Subtype="0" />
  <!--Chapter 4 (Main Path) Enemies-->
  <entity Image="icons/meal_worm.png" Name="Meal Worm" ID="501" Variant="13" Subtype="3" />
  <!--Scarred Womb Enemies-->
  <entity Image="icons/frenulum.png" Name="Frenulum" ID="501" Variant="13" Subtype="4" />
  <!-- Womb Enemies -->
  <entity Image="icons/giblet.png" Name="Giblet" ID="24" Variant="40" Subtype="0" >
    <bitfield Key="Subtype">
      <spinner Length="5" ValueOffset="1" Name="Amount to spawn">
        <tooltip>Amount to spawn</tooltip>
      </spinner>
    </bitfield>
  </entity>
  <entity Image="icons/gibby.png" Name="Gibby" ID="226" Variant="30" Subtype="0" >
    <bitfield Key="Subtype">
      <spinner Length="5" Name="Amount of Giblets contained">
        <tooltip>Amount to spawn (Adds 5 max health per Giblet within)</tooltip>
      </spinner>
    </bitfield>
  </entity>
  <entity Image="icons/Cadre.png" Name="Cadre" ID="19" Variant="0" Subtype="0" >
    <bitfield Key="Subtype">
            <dropdown Length="2" ValueOffset="30">
                <choice>Random</choice>
                <choice>Globin</choice>
                <choice>Gazing</choice>
                <choice>Globlet</choice>
                <choice>Giblet</choice>
            </dropdown>
    </bitfield>
  </entity>  
  <!--Scarred Womb Enemies-->
  <entity Image="icons/frenulum.png" Name="Frenulum" ID="501" Variant="13" Subtype="4" />

  <!-- Ascent Enemies -->
  
  

</data>
