<?xml version="1.0" ?>
<rooms>
	<room variant="20000" name="TrauVi - Mabel - Decaptation queue :DDD!!!!!" type="1" subtype="0" shape="1" width="13" height="7" difficulty="1" weight="5.0" lastTestTime="2023-01-02T03:52+00:00">
		<door exists="False" x="-1" y="3"/>
		<door exists="True" x="6" y="-1"/>
		<door exists="True" x="6" y="7"/>
		<door exists="False" x="13" y="3"/>
		<spawn x="0" y="0">
			<entity type="6100" variant="6" subtype="0" weight="1.0"/>
		</spawn>
		<spawn x="4" y="0">
			<entity type="3000" variant="0" subtype="0" weight="1.0"/>
		</spawn>
		<spawn x="8" y="0">
			<entity type="3000" variant="0" subtype="0" weight="1.0"/>
		</spawn>
		<spawn x="12" y="0">
			<entity type="6100" variant="1" subtype="0" weight="1.0"/>
		</spawn>
		<spawn x="0" y="1">
			<entity type="3000" variant="0" subtype="0" weight="1.0"/>
		</spawn>
		<spawn x="12" y="1">
			<entity type="3000" variant="0" subtype="0" weight="1.0"/>
		</spawn>
		<spawn x="0" y="2">
			<entity type="3000" variant="0" subtype="0" weight="1.0"/>
		</spawn>
		<spawn x="6" y="2">
			<entity type="114" variant="1004" subtype="16" weight="1.0"/>
		</spawn>
		<spawn x="12" y="2">
			<entity type="3000" variant="0" subtype="0" weight="1.0"/>
		</spawn>
		<spawn x="0" y="3">
			<entity type="3000" variant="0" subtype="0" weight="1.0"/>
		</spawn>
		<spawn x="1" y="3">
			<entity type="501" variant="10" subtype="0" weight="1.0"/>
		</spawn>
		<spawn x="2" y="3">
			<entity type="160" variant="53" subtype="1" weight="1.0"/>
		</spawn>
		<spawn x="3" y="3">
			<entity type="1901" variant="0" subtype="0" weight="1.0"/>
		</spawn>
		<spawn x="6" y="3">
			<entity type="160" variant="52" subtype="1" weight="1.0"/>
		</spawn>
		<spawn x="9" y="3">
			<entity type="1901" variant="0" subtype="0" weight="1.0"/>
		</spawn>
		<spawn x="10" y="3">
			<entity type="160" variant="53" subtype="1" weight="1.0"/>
		</spawn>
		<spawn x="12" y="3">
			<entity type="3000" variant="0" subtype="0" weight="1.0"/>
		</spawn>
		<spawn x="0" y="4">
			<entity type="3000" variant="0" subtype="0" weight="1.0"/>
		</spawn>
		<spawn x="12" y="4">
			<entity type="3000" variant="0" subtype="0" weight="1.0"/>
		</spawn>
		<spawn x="0" y="5">
			<entity type="3000" variant="0" subtype="0" weight="1.0"/>
		</spawn>
		<spawn x="12" y="5">
			<entity type="3000" variant="0" subtype="0" weight="1.0"/>
		</spawn>
		<spawn x="0" y="6">
			<entity type="6100" variant="1" subtype="0" weight="1.0"/>
		</spawn>
		<spawn x="4" y="6">
			<entity type="3000" variant="0" subtype="0" weight="1.0"/>
		</spawn>
		<spawn x="8" y="6">
			<entity type="3000" variant="0" subtype="0" weight="1.0"/>
		</spawn>
		<spawn x="12" y="6">
			<entity type="6100" variant="6" subtype="0" weight="1.0"/>
		</spawn>
	</room>
	<room variant="20001" name="TrauVi - Mabel - Pale pals" type="1" subtype="0" shape="1" width="13" height="7" difficulty="1" weight="5.0" lastTestTime="2023-01-02T03:52+00:00">
		<door exists="True" x="-1" y="3"/>
		<door exists="False" x="6" y="-1"/>
		<door exists="False" x="6" y="7"/>
		<door exists="True" x="13" y="3"/>
		<spawn x="0" y="0">
			<entity type="1000" variant="0" subtype="0" weight="1.0"/>
		</spawn>
		<spawn x="1" y="0">
			<entity type="3000" variant="0" subtype="0" weight="1.0"/>
		</spawn>
		<spawn x="5" y="0">
			<entity type="3000" variant="0" subtype="0" weight="1.0"/>
		</spawn>
		<spawn x="6" y="0">
			<entity type="1900" variant="0" subtype="0" weight="1.0"/>
		</spawn>
		<spawn x="7" y="0">
			<entity type="3000" variant="0" subtype="0" weight="1.0"/>
		</spawn>
		<spawn x="6" y="1">
			<entity type="501" variant="10" subtype="0" weight="1.0"/>
		</spawn>
		<spawn x="5" y="2">
			<entity type="3000" variant="0" subtype="0" weight="1.0"/>
		</spawn>
		<spawn x="4" y="3">
			<entity type="160" variant="52" subtype="1" weight="1.0"/>
		</spawn>
		<spawn x="5" y="3">
			<entity type="1900" variant="0" subtype="0" weight="1.0"/>
		</spawn>
		<spawn x="6" y="3">
			<entity type="151" variant="4" subtype="0" weight="1.0"/>
		</spawn>
		<spawn x="7" y="3">
			<entity type="1900" variant="0" subtype="0" weight="1.0"/>
		</spawn>
		<spawn x="8" y="3">
			<entity type="160" variant="52" subtype="1" weight="1.0"/>
		</spawn>
		<spawn x="7" y="4">
			<entity type="3000" variant="0" subtype="0" weight="1.0"/>
		</spawn>
		<spawn x="5" y="6">
			<entity type="3000" variant="0" subtype="0" weight="1.0"/>
		</spawn>
		<spawn x="6" y="6">
			<entity type="1900" variant="0" subtype="0" weight="1.0"/>
		</spawn>
		<spawn x="7" y="6">
			<entity type="3000" variant="0" subtype="0" weight="1.0"/>
		</spawn>
		<spawn x="11" y="6">
			<entity type="3000" variant="0" subtype="0" weight="1.0"/>
		</spawn>
		<spawn x="12" y="6">
			<entity type="1000" variant="0" subtype="0" weight="1.0"/>
		</spawn>
	</room>
	<room variant="20002" name="TrauVi - Mabel - Beast of the basement meets beast of the gehenna" type="1" subtype="0" shape="1" width="13" height="7" difficulty="5" weight="5.0" lastTestTime="2023-01-02T03:52+00:00">
		<door exists="False" x="-1" y="3"/>
		<door exists="False" x="6" y="-1"/>
		<door exists="True" x="6" y="7"/>
		<door exists="True" x="13" y="3"/>
		<spawn x="2" y="0">
			<entity type="3000" variant="0" subtype="0" weight="1.0"/>
		</spawn>
		<spawn x="3" y="0">
			<entity type="3000" variant="0" subtype="0" weight="1.0"/>
		</spawn>
		<spawn x="4" y="0">
			<entity type="3000" variant="0" subtype="0" weight="1.0"/>
		</spawn>
		<spawn x="5" y="0">
			<entity type="3000" variant="0" subtype="0" weight="1.0"/>
		</spawn>
		<spawn x="6" y="0">
			<entity type="3000" variant="0" subtype="0" weight="1.0"/>
		</spawn>
		<spawn x="7" y="0">
			<entity type="501" variant="10" subtype="0" weight="1.0"/>
		</spawn>
		<spawn x="8" y="0">
			<entity type="1000" variant="0" subtype="0" weight="1.0"/>
		</spawn>
		<spawn x="9" y="0">
			<entity type="1000" variant="0" subtype="0" weight="1.0"/>
		</spawn>
		<spawn x="3" y="1">
			<entity type="450" variant="17" subtype="0" weight="1.0"/>
		</spawn>
		<spawn x="0" y="3">
			<entity type="3000" variant="0" subtype="0" weight="1.0"/>
		</spawn>
		<spawn x="4" y="3">
			<entity type="1000" variant="0" subtype="0" weight="1.0"/>
		</spawn>
		<spawn x="5" y="3">
			<entity type="1000" variant="0" subtype="0" weight="1.0"/>
		</spawn>
		<spawn x="8" y="3">
			<entity type="1901" variant="0" subtype="0" weight="1.0"/>
		</spawn>
		<spawn x="9" y="3">
			<entity type="3000" variant="0" subtype="0" weight="1.0"/>
		</spawn>
		<spawn x="0" y="4">
			<entity type="3000" variant="0" subtype="0" weight="1.0"/>
		</spawn>
		<spawn x="1" y="4">
			<entity type="1000" variant="0" subtype="0" weight="1.0"/>
		</spawn>
		<spawn x="0" y="5">
			<entity type="3000" variant="0" subtype="0" weight="1.0"/>
		</spawn>
		<spawn x="1" y="5">
			<entity type="1000" variant="0" subtype="0" weight="1.0"/>
		</spawn>
		<spawn x="12" y="5">
			<entity type="3000" variant="0" subtype="0" weight="1.0"/>
		</spawn>
		<spawn x="0" y="6">
			<entity type="3000" variant="0" subtype="0" weight="1.0"/>
		</spawn>
		<spawn x="1" y="6">
			<entity type="1500" variant="0" subtype="1" weight="1.0"/>
		</spawn>
		<spawn x="2" y="6">
			<entity type="1500" variant="0" subtype="1" weight="1.0"/>
		</spawn>
		<spawn x="3" y="6">
			<entity type="1000" variant="0" subtype="0" weight="1.0"/>
		</spawn>
		<spawn x="11" y="6">
			<entity type="3000" variant="0" subtype="0" weight="1.0"/>
		</spawn>
		<spawn x="12" y="6">
			<entity type="3000" variant="0" subtype="0" weight="1.0"/>
		</spawn>
	</room>
	<room variant="20003" name="TrauVi - Mabel - Unboxing countdown" type="1" subtype="0" shape="4" width="13" height="14" difficulty="5" weight="5.0" lastTestTime="2023-01-02T03:52+00:00">
		<door exists="True" x="-1" y="3"/>
		<door exists="True" x="-1" y="10"/>
		<door exists="False" x="6" y="-1"/>
		<door exists="False" x="6" y="14"/>
		<door exists="True" x="13" y="3"/>
		<door exists="True" x="13" y="10"/>
		<spawn x="0" y="0">
			<entity type="1901" variant="0" subtype="0" weight="1.0"/>
		</spawn>
		<spawn x="3" y="0">
			<entity type="160" variant="761" subtype="1" weight="1.0"/>
		</spawn>
		<spawn x="4" y="0">
			<entity type="160" variant="451" subtype="0" weight="1.0"/>
		</spawn>
		<spawn x="5" y="0">
			<entity type="3000" variant="0" subtype="0" weight="1.0"/>
		</spawn>
		<spawn x="6" y="0">
			<entity type="3000" variant="0" subtype="0" weight="1.0"/>
		</spawn>
		<spawn x="7" y="0">
			<entity type="3000" variant="0" subtype="0" weight="1.0"/>
		</spawn>
		<spawn x="8" y="0">
			<entity type="160" variant="761" subtype="1" weight="1.0"/>
		</spawn>
		<spawn x="9" y="0">
			<entity type="160" variant="451" subtype="0" weight="1.0"/>
		</spawn>
		<spawn x="12" y="0">
			<entity type="1901" variant="0" subtype="0" weight="1.0"/>
		</spawn>
		<spawn x="3" y="2">
			<entity type="1000" variant="0" subtype="1" weight="1.0"/>
		</spawn>
		<spawn x="4" y="2">
			<entity type="1000" variant="0" subtype="1" weight="1.0"/>
		</spawn>
		<spawn x="8" y="2">
			<entity type="1000" variant="0" subtype="1" weight="1.0"/>
		</spawn>
		<spawn x="9" y="2">
			<entity type="1000" variant="0" subtype="1" weight="1.0"/>
		</spawn>
		<spawn x="3" y="3">
			<entity type="1000" variant="0" subtype="1" weight="1.0"/>
		</spawn>
		<spawn x="4" y="3">
			<entity type="160" variant="761" subtype="2" weight="1.0"/>
		</spawn>
		<spawn x="5" y="3">
			<entity type="1000" variant="0" subtype="1" weight="1.0"/>
		</spawn>
		<spawn x="6" y="3">
			<entity type="1000" variant="0" subtype="0" weight="1.0"/>
		</spawn>
		<spawn x="7" y="3">
			<entity type="1000" variant="0" subtype="1" weight="1.0"/>
		</spawn>
		<spawn x="8" y="3">
			<entity type="160" variant="761" subtype="2" weight="1.0"/>
		</spawn>
		<spawn x="9" y="3">
			<entity type="1000" variant="0" subtype="1" weight="1.0"/>
		</spawn>
		<spawn x="3" y="4">
			<entity type="1000" variant="0" subtype="1" weight="1.0"/>
		</spawn>
		<spawn x="4" y="4">
			<entity type="1000" variant="0" subtype="1" weight="1.0"/>
		</spawn>
		<spawn x="6" y="4">
			<entity type="108" variant="116" subtype="0" weight="1.0"/>
		</spawn>
		<spawn x="8" y="4">
			<entity type="1000" variant="0" subtype="1" weight="1.0"/>
		</spawn>
		<spawn x="9" y="4">
			<entity type="1000" variant="0" subtype="1" weight="1.0"/>
		</spawn>
		<spawn x="5" y="6">
			<entity type="893" variant="0" subtype="291" weight="1.0"/>
		</spawn>
		<spawn x="6" y="6">
			<entity type="1900" variant="0" subtype="0" weight="1.0"/>
		</spawn>
		<spawn x="7" y="6">
			<entity type="893" variant="0" subtype="35" weight="1.0"/>
		</spawn>
		<spawn x="5" y="10">
			<entity type="1000" variant="0" subtype="1" weight="1.0"/>
		</spawn>
		<spawn x="6" y="10">
			<entity type="1000" variant="0" subtype="1" weight="1.0"/>
		</spawn>
		<spawn x="7" y="10">
			<entity type="1000" variant="0" subtype="1" weight="1.0"/>
		</spawn>
		<spawn x="5" y="11">
			<entity type="3000" variant="0" subtype="0" weight="1.0"/>
		</spawn>
		<spawn x="6" y="11">
			<entity type="3000" variant="0" subtype="0" weight="1.0"/>
		</spawn>
		<spawn x="7" y="11">
			<entity type="3000" variant="0" subtype="0" weight="1.0"/>
		</spawn>
		<spawn x="4" y="12">
			<entity type="1000" variant="0" subtype="0" weight="1.0"/>
		</spawn>
		<spawn x="5" y="12">
			<entity type="3000" variant="0" subtype="0" weight="1.0"/>
		</spawn>
		<spawn x="6" y="12">
			<entity type="501" variant="10" subtype="0" weight="1.0"/>
		</spawn>
		<spawn x="7" y="12">
			<entity type="3000" variant="0" subtype="0" weight="1.0"/>
		</spawn>
		<spawn x="8" y="12">
			<entity type="1000" variant="0" subtype="0" weight="1.0"/>
		</spawn>
		<spawn x="0" y="13">
			<entity type="1901" variant="0" subtype="0" weight="1.0"/>
		</spawn>
		<spawn x="3" y="13">
			<entity type="1000" variant="0" subtype="0" weight="1.0"/>
		</spawn>
		<spawn x="4" y="13">
			<entity type="3000" variant="0" subtype="0" weight="1.0"/>
		</spawn>
		<spawn x="5" y="13">
			<entity type="3000" variant="0" subtype="0" weight="1.0"/>
		</spawn>
		<spawn x="6" y="13">
			<entity type="3000" variant="0" subtype="0" weight="1.0"/>
		</spawn>
		<spawn x="7" y="13">
			<entity type="3000" variant="0" subtype="0" weight="1.0"/>
		</spawn>
		<spawn x="8" y="13">
			<entity type="3000" variant="0" subtype="0" weight="1.0"/>
		</spawn>
		<spawn x="9" y="13">
			<entity type="1000" variant="0" subtype="0" weight="1.0"/>
		</spawn>
		<spawn x="12" y="13">
			<entity type="1901" variant="0" subtype="0" weight="1.0"/>
		</spawn>
	</room>
	<room variant="20004" name="TrauVi - Mabel - Death is not as simple as &quot;live and then die&quot; here." type="1" subtype="0" shape="1" width="13" height="7" difficulty="5" weight="5.0" lastTestTime="2023-01-02T03:52+00:00">
		<door exists="True" x="-1" y="3"/>
		<door exists="False" x="6" y="-1"/>
		<door exists="False" x="6" y="7"/>
		<door exists="True" x="13" y="3"/>
		<spawn x="0" y="0">
			<entity type="3000" variant="0" subtype="0" weight="1.0"/>
		</spawn>
		<spawn x="6" y="0">
			<entity type="3000" variant="0" subtype="0" weight="1.0"/>
		</spawn>
		<spawn x="12" y="0">
			<entity type="3000" variant="0" subtype="0" weight="1.0"/>
		</spawn>
		<spawn x="6" y="1">
			<entity type="501" variant="10" subtype="0" weight="1.0"/>
		</spawn>
		<spawn x="4" y="2">
			<entity type="1000" variant="0" subtype="1" weight="1.0"/>
		</spawn>
		<spawn x="5" y="2">
			<entity type="3000" variant="0" subtype="0" weight="1.0"/>
		</spawn>
		<spawn x="6" y="2">
			<entity type="42" variant="963" subtype="5" weight="1.0"/>
		</spawn>
		<spawn x="7" y="2">
			<entity type="3000" variant="0" subtype="0" weight="1.0"/>
		</spawn>
		<spawn x="8" y="2">
			<entity type="1000" variant="0" subtype="1" weight="1.0"/>
		</spawn>
		<spawn x="6" y="3">
			<entity type="35" variant="2" subtype="0" weight="1.0"/>
		</spawn>
		<spawn x="6" y="4">
			<entity type="114" variant="1004" subtype="10" weight="1.0"/>
		</spawn>
		<spawn x="0" y="6">
			<entity type="1000" variant="0" subtype="0" weight="1.0"/>
		</spawn>
		<spawn x="5" y="6">
			<entity type="1000" variant="0" subtype="0" weight="1.0"/>
		</spawn>
		<spawn x="6" y="6">
			<entity type="1000" variant="0" subtype="0" weight="1.0"/>
		</spawn>
		<spawn x="7" y="6">
			<entity type="1000" variant="0" subtype="0" weight="1.0"/>
		</spawn>
		<spawn x="12" y="6">
			<entity type="1000" variant="0" subtype="0" weight="1.0"/>
		</spawn>
	</room>
	<room variant="20005" name="TrauVi - Mabel - Warning: Cursed and twisted bridge" type="1" subtype="0" shape="1" width="13" height="7" difficulty="5" weight="5.0" lastTestTime="2023-01-02T03:52+00:00">
		<door exists="True" x="-1" y="3"/>
		<door exists="False" x="6" y="-1"/>
		<door exists="False" x="6" y="7"/>
		<door exists="True" x="13" y="3"/>
		<spawn x="1" y="0">
			<entity type="1901" variant="0" subtype="0" weight="1.0"/>
		</spawn>
		<spawn x="2" y="0">
			<entity type="4500" variant="0" subtype="0" weight="1.0"/>
		</spawn>
		<spawn x="3" y="0">
			<entity type="1901" variant="0" subtype="0" weight="1.0"/>
		</spawn>
		<spawn x="4" y="0">
			<entity type="1000" variant="0" subtype="0" weight="1.0"/>
		</spawn>
		<spawn x="5" y="0">
			<entity type="1000" variant="0" subtype="0" weight="1.0"/>
		</spawn>
		<spawn x="6" y="0">
			<entity type="1000" variant="0" subtype="0" weight="1.0"/>
		</spawn>
		<spawn x="7" y="0">
			<entity type="1000" variant="0" subtype="0" weight="1.0"/>
		</spawn>
		<spawn x="8" y="0">
			<entity type="1000" variant="0" subtype="0" weight="1.0"/>
		</spawn>
		<spawn x="9" y="0">
			<entity type="1901" variant="0" subtype="0" weight="1.0"/>
		</spawn>
		<spawn x="1" y="1">
			<entity type="1901" variant="0" subtype="0" weight="1.0"/>
		</spawn>
		<spawn x="2" y="1">
			<entity type="4500" variant="10" subtype="0" weight="1.0"/>
		</spawn>
		<spawn x="3" y="1">
			<entity type="1901" variant="0" subtype="0" weight="1.0"/>
		</spawn>
		<spawn x="5" y="1">
			<entity type="1000" variant="0" subtype="1" weight="1.0"/>
		</spawn>
		<spawn x="6" y="1">
			<entity type="969" variant="0" subtype="0" weight="1.0"/>
		</spawn>
		<spawn x="7" y="1">
			<entity type="501" variant="10" subtype="0" weight="1.0"/>
		</spawn>
		<spawn x="8" y="1">
			<entity type="969" variant="0" subtype="0" weight="1.0"/>
		</spawn>
		<spawn x="9" y="1">
			<entity type="1901" variant="0" subtype="0" weight="1.0"/>
		</spawn>
		<spawn x="3" y="2">
			<entity type="969" variant="0" subtype="0" weight="1.0"/>
		</spawn>
		<spawn x="4" y="2">
			<entity type="3009" variant="0" subtype="0" weight="1.0"/>
		</spawn>
		<spawn x="5" y="2">
			<entity type="3009" variant="0" subtype="0" weight="1.0"/>
		</spawn>
		<spawn x="6" y="2">
			<entity type="3009" variant="0" subtype="0" weight="1.0"/>
		</spawn>
		<spawn x="7" y="2">
			<entity type="3009" variant="0" subtype="0" weight="1.0"/>
		</spawn>
		<spawn x="8" y="2">
			<entity type="3009" variant="0" subtype="0" weight="1.0"/>
		</spawn>
		<spawn x="4" y="3">
			<entity type="1000" variant="0" subtype="1" weight="1.0"/>
		</spawn>
		<spawn x="5" y="3">
			<entity type="969" variant="0" subtype="0" weight="1.0"/>
		</spawn>
		<spawn x="6" y="3">
			<entity type="1000" variant="0" subtype="1" weight="1.0"/>
		</spawn>
		<spawn x="7" y="3">
			<entity type="969" variant="0" subtype="0" weight="1.0"/>
		</spawn>
		<spawn x="8" y="3">
			<entity type="1000" variant="0" subtype="1" weight="1.0"/>
		</spawn>
		<spawn x="4" y="4">
			<entity type="1900" variant="0" subtype="0" weight="1.0"/>
		</spawn>
		<spawn x="6" y="4">
			<entity type="1000" variant="0" subtype="0" weight="1.0"/>
		</spawn>
		<spawn x="7" y="4">
			<entity type="750" variant="20" subtype="0" weight="1.0"/>
		</spawn>
		<spawn x="8" y="4">
			<entity type="1000" variant="0" subtype="0" weight="1.0"/>
		</spawn>
		<spawn x="4" y="5">
			<entity type="3000" variant="0" subtype="0" weight="1.0"/>
		</spawn>
		<spawn x="5" y="5">
			<entity type="1900" variant="0" subtype="0" weight="1.0"/>
		</spawn>
		<spawn x="6" y="5">
			<entity type="1000" variant="0" subtype="0" weight="1.0"/>
		</spawn>
		<spawn x="7" y="5">
			<entity type="750" variant="10" subtype="0" weight="1.0"/>
		</spawn>
		<spawn x="8" y="5">
			<entity type="1000" variant="0" subtype="0" weight="1.0"/>
		</spawn>
		<spawn x="9" y="5">
			<entity type="1901" variant="0" subtype="0" weight="1.0"/>
		</spawn>
		<spawn x="10" y="5">
			<entity type="4500" variant="10" subtype="0" weight="1.0"/>
		</spawn>
		<spawn x="11" y="5">
			<entity type="1901" variant="0" subtype="0" weight="1.0"/>
		</spawn>
		<spawn x="4" y="6">
			<entity type="3000" variant="0" subtype="0" weight="1.0"/>
		</spawn>
		<spawn x="5" y="6">
			<entity type="3000" variant="0" subtype="0" weight="1.0"/>
		</spawn>
		<spawn x="6" y="6">
			<entity type="1000" variant="0" subtype="1" weight="1.0"/>
		</spawn>
		<spawn x="7" y="6">
			<entity type="1000" variant="0" subtype="1" weight="1.0"/>
		</spawn>
		<spawn x="8" y="6">
			<entity type="1000" variant="0" subtype="1" weight="1.0"/>
		</spawn>
		<spawn x="9" y="6">
			<entity type="1901" variant="0" subtype="0" weight="1.0"/>
		</spawn>
		<spawn x="10" y="6">
			<entity type="4500" variant="0" subtype="0" weight="1.0"/>
		</spawn>
		<spawn x="11" y="6">
			<entity type="1901" variant="0" subtype="0" weight="1.0"/>
		</spawn>
	</room>
	<room variant="20006" name="TrauVi - Mabel - MECHADOMINATED" type="1" subtype="0" shape="1" width="13" height="7" difficulty="5" weight="5.0" lastTestTime="2023-01-02T04:04+00:00">
		<door exists="True" x="-1" y="3"/>
		<door exists="False" x="6" y="-1"/>
		<door exists="False" x="6" y="7"/>
		<door exists="True" x="13" y="3"/>
		<spawn x="3" y="0">
			<entity type="3000" variant="0" subtype="0" weight="1.0"/>
		</spawn>
		<spawn x="4" y="0">
			<entity type="3000" variant="0" subtype="0" weight="1.0"/>
		</spawn>
		<spawn x="5" y="0">
			<entity type="1900" variant="0" subtype="0" weight="1.0"/>
		</spawn>
		<spawn x="6" y="0">
			<entity type="160" variant="671" subtype="0" weight="1.0"/>
		</spawn>
		<spawn x="7" y="0">
			<entity type="1900" variant="0" subtype="0" weight="1.0"/>
		</spawn>
		<spawn x="8" y="0">
			<entity type="3000" variant="0" subtype="0" weight="1.0"/>
		</spawn>
		<spawn x="9" y="0">
			<entity type="3000" variant="0" subtype="0" weight="1.0"/>
		</spawn>
		<spawn x="3" y="1">
			<entity type="1000" variant="0" subtype="0" weight="1.0"/>
		</spawn>
		<spawn x="4" y="1">
			<entity type="1000" variant="0" subtype="0" weight="1.0"/>
		</spawn>
		<spawn x="5" y="1">
			<entity type="3000" variant="0" subtype="0" weight="1.0"/>
		</spawn>
		<spawn x="6" y="1">
			<entity type="130" variant="30" subtype="0" weight="1.0"/>
		</spawn>
		<spawn x="7" y="1">
			<entity type="3000" variant="0" subtype="0" weight="1.0"/>
		</spawn>
		<spawn x="8" y="1">
			<entity type="1000" variant="0" subtype="0" weight="1.0"/>
		</spawn>
		<spawn x="9" y="1">
			<entity type="1000" variant="0" subtype="0" weight="1.0"/>
		</spawn>
		<spawn x="2" y="2">
			<entity type="1000" variant="0" subtype="0" weight="1.0"/>
		</spawn>
		<spawn x="5" y="2">
			<entity type="1500" variant="0" subtype="0" weight="1.0"/>
		</spawn>
		<spawn x="7" y="2">
			<entity type="1500" variant="0" subtype="0" weight="1.0"/>
		</spawn>
		<spawn x="10" y="2">
			<entity type="1000" variant="0" subtype="0" weight="1.0"/>
		</spawn>
		<spawn x="4" y="3">
			<entity type="1000" variant="0" subtype="0" weight="1.0"/>
		</spawn>
		<spawn x="5" y="3">
			<entity type="1000" variant="0" subtype="0" weight="1.0"/>
		</spawn>
		<spawn x="6" y="3">
			<entity type="501" variant="10" subtype="0" weight="1.0"/>
		</spawn>
		<spawn x="7" y="3">
			<entity type="1000" variant="0" subtype="0" weight="1.0"/>
		</spawn>
		<spawn x="8" y="3">
			<entity type="1000" variant="0" subtype="0" weight="1.0"/>
		</spawn>
		<spawn x="5" y="4">
			<entity type="6100" variant="6" subtype="0" weight="1.0"/>
		</spawn>
		<spawn x="6" y="4">
			<entity type="1000" variant="0" subtype="0" weight="1.0"/>
		</spawn>
		<spawn x="7" y="4">
			<entity type="6100" variant="6" subtype="0" weight="1.0"/>
		</spawn>
		<spawn x="5" y="5">
			<entity type="3000" variant="0" subtype="0" weight="1.0"/>
		</spawn>
		<spawn x="6" y="5">
			<entity type="3000" variant="0" subtype="0" weight="1.0"/>
		</spawn>
		<spawn x="7" y="5">
			<entity type="3000" variant="0" subtype="0" weight="1.0"/>
		</spawn>
		<spawn x="5" y="6">
			<entity type="3000" variant="0" subtype="0" weight="1.0"/>
		</spawn>
		<spawn x="6" y="6">
			<entity type="3000" variant="0" subtype="0" weight="1.0"/>
		</spawn>
		<spawn x="7" y="6">
			<entity type="3000" variant="0" subtype="0" weight="1.0"/>
		</spawn>
	</room>
	<room variant="20007" name="TrauVi - Mabel - Stereo room" type="1" subtype="0" shape="1" width="13" height="7" difficulty="5" weight="5.0" lastTestTime="2023-01-02T03:52+00:00">
		<door exists="True" x="-1" y="3"/>
		<door exists="False" x="6" y="-1"/>
		<door exists="True" x="6" y="7"/>
		<door exists="True" x="13" y="3"/>
		<spawn x="3" y="0">
			<entity type="6100" variant="1" subtype="0" weight="1.0"/>
		</spawn>
		<spawn x="4" y="0">
			<entity type="1901" variant="0" subtype="0" weight="1.0"/>
		</spawn>
		<spawn x="5" y="0">
			<entity type="160" variant="451" subtype="0" weight="1.0"/>
		</spawn>
		<spawn x="6" y="0">
			<entity type="1000" variant="0" subtype="0" weight="1.0"/>
		</spawn>
		<spawn x="7" y="0">
			<entity type="1000" variant="0" subtype="0" weight="1.0"/>
		</spawn>
		<spawn x="8" y="0">
			<entity type="1901" variant="0" subtype="0" weight="1.0"/>
		</spawn>
		<spawn x="9" y="0">
			<entity type="6100" variant="1" subtype="0" weight="1.0"/>
		</spawn>
		<spawn x="3" y="1">
			<entity type="1000" variant="0" subtype="1" weight="1.0"/>
		</spawn>
		<spawn x="4" y="1">
			<entity type="1000" variant="0" subtype="1" weight="1.0"/>
		</spawn>
		<spawn x="6" y="1">
			<entity type="160" variant="821" subtype="0" weight="1.0"/>
		</spawn>
		<spawn x="8" y="1">
			<entity type="1000" variant="0" subtype="1" weight="1.0"/>
		</spawn>
		<spawn x="9" y="1">
			<entity type="1000" variant="0" subtype="1" weight="1.0"/>
		</spawn>
		<spawn x="3" y="2">
			<entity type="1900" variant="0" subtype="0" weight="1.0"/>
		</spawn>
		<spawn x="4" y="2">
			<entity type="160" variant="170" subtype="0" weight="1.0"/>
		</spawn>
		<spawn x="8" y="2">
			<entity type="160" variant="170" subtype="0" weight="1.0"/>
		</spawn>
		<spawn x="9" y="2">
			<entity type="1900" variant="0" subtype="0" weight="1.0"/>
		</spawn>
		<spawn x="6" y="3">
			<entity type="501" variant="10" subtype="0" weight="1.0"/>
		</spawn>
		<spawn x="3" y="4">
			<entity type="1900" variant="0" subtype="0" weight="1.0"/>
		</spawn>
		<spawn x="9" y="4">
			<entity type="1900" variant="0" subtype="0" weight="1.0"/>
		</spawn>
		<spawn x="3" y="5">
			<entity type="6100" variant="6" subtype="0" weight="1.0"/>
		</spawn>
		<spawn x="4" y="5">
			<entity type="1900" variant="0" subtype="0" weight="1.0"/>
		</spawn>
		<spawn x="5" y="5">
			<entity type="1000" variant="0" subtype="1" weight="1.0"/>
		</spawn>
		<spawn x="6" y="5">
			<entity type="1000" variant="0" subtype="1" weight="1.0"/>
		</spawn>
		<spawn x="7" y="5">
			<entity type="1000" variant="0" subtype="1" weight="1.0"/>
		</spawn>
		<spawn x="8" y="5">
			<entity type="1900" variant="0" subtype="0" weight="1.0"/>
		</spawn>
		<spawn x="9" y="5">
			<entity type="6100" variant="6" subtype="0" weight="1.0"/>
		</spawn>
	</room>
	<room variant="20008" name="TrauVi - Mabel - Absolutely untouchable, freed from his demise" type="1" subtype="0" shape="1" width="13" height="7" difficulty="10" weight="5.0" lastTestTime="2023-01-02T03:52+00:00">
		<door exists="True" x="-1" y="3"/>
		<door exists="False" x="6" y="-1"/>
		<door exists="False" x="6" y="7"/>
		<door exists="True" x="13" y="3"/>
		<spawn x="3" y="0">
			<entity type="3000" variant="0" subtype="0" weight="1.0"/>
		</spawn>
		<spawn x="4" y="0">
			<entity type="4500" variant="10" subtype="0" weight="1.0"/>
		</spawn>
		<spawn x="5" y="0">
			<entity type="1009" variant="0" subtype="0" weight="1.0"/>
		</spawn>
		<spawn x="6" y="0">
			<entity type="1900" variant="0" subtype="0" weight="1.0"/>
		</spawn>
		<spawn x="7" y="0">
			<entity type="1009" variant="0" subtype="0" weight="1.0"/>
		</spawn>
		<spawn x="8" y="0">
			<entity type="4500" variant="10" subtype="0" weight="1.0"/>
		</spawn>
		<spawn x="9" y="0">
			<entity type="3000" variant="0" subtype="0" weight="1.0"/>
		</spawn>
		<spawn x="3" y="1">
			<entity type="3000" variant="0" subtype="0" weight="1.0"/>
		</spawn>
		<spawn x="4" y="1">
			<entity type="969" variant="0" subtype="0" weight="1.0"/>
		</spawn>
		<spawn x="5" y="1">
			<entity type="1009" variant="0" subtype="0" weight="1.0"/>
		</spawn>
		<spawn x="6" y="1">
			<entity type="160" variant="451" subtype="0" weight="1.0"/>
		</spawn>
		<spawn x="7" y="1">
			<entity type="1009" variant="0" subtype="0" weight="1.0"/>
		</spawn>
		<spawn x="8" y="1">
			<entity type="969" variant="0" subtype="0" weight="1.0"/>
		</spawn>
		<spawn x="9" y="1">
			<entity type="3000" variant="0" subtype="0" weight="1.0"/>
		</spawn>
		<spawn x="4" y="2">
			<entity type="969" variant="0" subtype="0" weight="1.0"/>
		</spawn>
		<spawn x="5" y="2">
			<entity type="1009" variant="0" subtype="0" weight="1.0"/>
		</spawn>
		<spawn x="6" y="2">
			<entity type="750" variant="230" subtype="0" weight="1.0"/>
		</spawn>
		<spawn x="7" y="2">
			<entity type="1009" variant="0" subtype="0" weight="1.0"/>
		</spawn>
		<spawn x="8" y="2">
			<entity type="969" variant="0" subtype="0" weight="1.0"/>
		</spawn>
		<spawn x="4" y="3">
			<entity type="969" variant="0" subtype="0" weight="1.0"/>
		</spawn>
		<spawn x="5" y="3">
			<entity type="1009" variant="0" subtype="0" weight="1.0"/>
		</spawn>
		<spawn x="6" y="3">
			<entity type="1000" variant="0" subtype="0" weight="1.0"/>
		</spawn>
		<spawn x="7" y="3">
			<entity type="1009" variant="0" subtype="0" weight="1.0"/>
		</spawn>
		<spawn x="8" y="3">
			<entity type="969" variant="0" subtype="0" weight="1.0"/>
		</spawn>
		<spawn x="6" y="4">
			<entity type="23" variant="961" subtype="0" weight="1.0"/>
		</spawn>
		<spawn x="6" y="5">
			<entity type="501" variant="10" subtype="0" weight="1.0"/>
		</spawn>
		<spawn x="4" y="6">
			<entity type="3000" variant="0" subtype="0" weight="1.0"/>
		</spawn>
		<spawn x="5" y="6">
			<entity type="1000" variant="0" subtype="0" weight="1.0"/>
		</spawn>
		<spawn x="6" y="6">
			<entity type="1900" variant="0" subtype="0" weight="1.0"/>
		</spawn>
		<spawn x="7" y="6">
			<entity type="1000" variant="0" subtype="0" weight="1.0"/>
		</spawn>
		<spawn x="8" y="6">
			<entity type="3000" variant="0" subtype="0" weight="1.0"/>
		</spawn>
	</room>
	<room variant="20009" name="TrauVi - Mabel - Disney's Skinning Plaza " type="1" subtype="0" shape="4" width="13" height="14" difficulty="10" weight="5.0" lastTestTime="2023-01-02T04:04+00:00">
		<door exists="True" x="-1" y="3"/>
		<door exists="True" x="-1" y="10"/>
		<door exists="False" x="6" y="-1"/>
		<door exists="False" x="6" y="14"/>
		<door exists="True" x="13" y="3"/>
		<door exists="True" x="13" y="10"/>
		<spawn x="0" y="0">
			<entity type="969" variant="0" subtype="0" weight="1.0"/>
		</spawn>
		<spawn x="1" y="0">
			<entity type="969" variant="0" subtype="0" weight="1.0"/>
		</spawn>
		<spawn x="2" y="0">
			<entity type="969" variant="0" subtype="0" weight="1.0"/>
		</spawn>
		<spawn x="3" y="0">
			<entity type="969" variant="0" subtype="0" weight="1.0"/>
		</spawn>
		<spawn x="5" y="0">
			<entity type="1931" variant="0" subtype="0" weight="1.0"/>
		</spawn>
		<spawn x="6" y="0">
			<entity type="4500" variant="0" subtype="0" weight="1.0"/>
		</spawn>
		<spawn x="7" y="0">
			<entity type="1931" variant="0" subtype="0" weight="1.0"/>
		</spawn>
		<spawn x="9" y="0">
			<entity type="969" variant="0" subtype="0" weight="1.0"/>
		</spawn>
		<spawn x="10" y="0">
			<entity type="969" variant="0" subtype="0" weight="1.0"/>
		</spawn>
		<spawn x="11" y="0">
			<entity type="969" variant="0" subtype="0" weight="1.0"/>
		</spawn>
		<spawn x="12" y="0">
			<entity type="969" variant="0" subtype="0" weight="1.0"/>
		</spawn>
		<spawn x="0" y="1">
			<entity type="1009" variant="0" subtype="0" weight="1.0"/>
		</spawn>
		<spawn x="1" y="1">
			<entity type="1009" variant="0" subtype="0" weight="1.0"/>
		</spawn>
		<spawn x="2" y="1">
			<entity type="1009" variant="0" subtype="0" weight="1.0"/>
		</spawn>
		<spawn x="3" y="1">
			<entity type="1009" variant="0" subtype="0" weight="1.0"/>
		</spawn>
		<spawn x="5" y="1">
			<entity type="1931" variant="0" subtype="0" weight="1.0"/>
		</spawn>
		<spawn x="7" y="1">
			<entity type="1931" variant="0" subtype="0" weight="1.0"/>
		</spawn>
		<spawn x="9" y="1">
			<entity type="1009" variant="0" subtype="0" weight="1.0"/>
		</spawn>
		<spawn x="10" y="1">
			<entity type="1009" variant="0" subtype="0" weight="1.0"/>
		</spawn>
		<spawn x="11" y="1">
			<entity type="1009" variant="0" subtype="0" weight="1.0"/>
		</spawn>
		<spawn x="12" y="1">
			<entity type="1009" variant="0" subtype="0" weight="1.0"/>
		</spawn>
		<spawn x="1" y="2">
			<entity type="969" variant="0" subtype="0" weight="1.0"/>
		</spawn>
		<spawn x="2" y="2">
			<entity type="1009" variant="0" subtype="0" weight="1.0"/>
		</spawn>
		<spawn x="3" y="2">
			<entity type="3000" variant="0" subtype="0" weight="1.0"/>
		</spawn>
		<spawn x="4" y="2">
			<entity type="3000" variant="0" subtype="0" weight="1.0"/>
		</spawn>
		<spawn x="5" y="2">
			<entity type="1931" variant="0" subtype="0" weight="1.0"/>
		</spawn>
		<spawn x="6" y="2">
			<entity type="124" variant="0" subtype="2" weight="1.0"/>
		</spawn>
		<spawn x="7" y="2">
			<entity type="1931" variant="0" subtype="0" weight="1.0"/>
		</spawn>
		<spawn x="8" y="2">
			<entity type="3000" variant="0" subtype="0" weight="1.0"/>
		</spawn>
		<spawn x="9" y="2">
			<entity type="3000" variant="0" subtype="0" weight="1.0"/>
		</spawn>
		<spawn x="10" y="2">
			<entity type="1009" variant="0" subtype="0" weight="1.0"/>
		</spawn>
		<spawn x="11" y="2">
			<entity type="969" variant="0" subtype="0" weight="1.0"/>
		</spawn>
		<spawn x="1" y="3">
			<entity type="3009" variant="0" subtype="0" weight="1.0"/>
		</spawn>
		<spawn x="2" y="3">
			<entity type="969" variant="0" subtype="0" weight="1.0"/>
		</spawn>
		<spawn x="3" y="3">
			<entity type="3000" variant="0" subtype="0" weight="1.0"/>
		</spawn>
		<spawn x="4" y="3">
			<entity type="3000" variant="0" subtype="0" weight="1.0"/>
		</spawn>
		<spawn x="5" y="3">
			<entity type="3000" variant="0" subtype="0" weight="1.0"/>
		</spawn>
		<spawn x="6" y="3">
			<entity type="3000" variant="0" subtype="0" weight="1.0"/>
		</spawn>
		<spawn x="7" y="3">
			<entity type="3000" variant="0" subtype="0" weight="1.0"/>
		</spawn>
		<spawn x="8" y="3">
			<entity type="3000" variant="0" subtype="0" weight="1.0"/>
		</spawn>
		<spawn x="9" y="3">
			<entity type="3000" variant="0" subtype="0" weight="1.0"/>
		</spawn>
		<spawn x="10" y="3">
			<entity type="969" variant="0" subtype="0" weight="1.0"/>
		</spawn>
		<spawn x="11" y="3">
			<entity type="3009" variant="0" subtype="0" weight="1.0"/>
		</spawn>
		<spawn x="1" y="4">
			<entity type="3009" variant="0" subtype="0" weight="1.0"/>
		</spawn>
		<spawn x="2" y="4">
			<entity type="969" variant="0" subtype="0" weight="1.0"/>
		</spawn>
		<spawn x="3" y="4">
			<entity type="1900" variant="0" subtype="0" weight="1.0"/>
		</spawn>
		<spawn x="4" y="4">
			<entity type="3000" variant="0" subtype="0" weight="1.0"/>
		</spawn>
		<spawn x="8" y="4">
			<entity type="3000" variant="0" subtype="0" weight="1.0"/>
		</spawn>
		<spawn x="9" y="4">
			<entity type="1900" variant="0" subtype="0" weight="1.0"/>
		</spawn>
		<spawn x="10" y="4">
			<entity type="969" variant="0" subtype="0" weight="1.0"/>
		</spawn>
		<spawn x="11" y="4">
			<entity type="3009" variant="0" subtype="0" weight="1.0"/>
		</spawn>
		<spawn x="1" y="5">
			<entity type="3009" variant="0" subtype="0" weight="1.0"/>
		</spawn>
		<spawn x="2" y="5">
			<entity type="969" variant="0" subtype="0" weight="1.0"/>
		</spawn>
		<spawn x="4" y="5">
			<entity type="3000" variant="0" subtype="0" weight="1.0"/>
		</spawn>
		<spawn x="6" y="5">
			<entity type="501" variant="10" subtype="0" weight="1.0"/>
		</spawn>
		<spawn x="8" y="5">
			<entity type="3000" variant="0" subtype="0" weight="1.0"/>
		</spawn>
		<spawn x="10" y="5">
			<entity type="969" variant="0" subtype="0" weight="1.0"/>
		</spawn>
		<spawn x="11" y="5">
			<entity type="3009" variant="0" subtype="0" weight="1.0"/>
		</spawn>
		<spawn x="1" y="6">
			<entity type="3009" variant="0" subtype="0" weight="1.0"/>
		</spawn>
		<spawn x="2" y="6">
			<entity type="969" variant="0" subtype="0" weight="1.0"/>
		</spawn>
		<spawn x="3" y="6">
			<entity type="160" variant="1270" subtype="0" weight="1.0"/>
		</spawn>
		<spawn x="5" y="6">
			<entity type="3000" variant="0" subtype="0" weight="1.0"/>
		</spawn>
		<spawn x="6" y="6">
			<entity type="3000" variant="0" subtype="0" weight="1.0"/>
		</spawn>
		<spawn x="7" y="6">
			<entity type="3000" variant="0" subtype="0" weight="1.0"/>
		</spawn>
		<spawn x="9" y="6">
			<entity type="227" variant="0" subtype="0" weight="1.0"/>
		</spawn>
		<spawn x="10" y="6">
			<entity type="969" variant="0" subtype="0" weight="1.0"/>
		</spawn>
		<spawn x="11" y="6">
			<entity type="3009" variant="0" subtype="0" weight="1.0"/>
		</spawn>
		<spawn x="1" y="7">
			<entity type="3009" variant="0" subtype="0" weight="1.0"/>
		</spawn>
		<spawn x="2" y="7">
			<entity type="969" variant="0" subtype="0" weight="1.0"/>
		</spawn>
		<spawn x="5" y="7">
			<entity type="1931" variant="0" subtype="0" weight="1.0"/>
		</spawn>
		<spawn x="6" y="7">
			<entity type="4500" variant="11" subtype="0" weight="1.0"/>
		</spawn>
		<spawn x="7" y="7">
			<entity type="1931" variant="0" subtype="0" weight="1.0"/>
		</spawn>
		<spawn x="10" y="7">
			<entity type="969" variant="0" subtype="0" weight="1.0"/>
		</spawn>
		<spawn x="11" y="7">
			<entity type="3009" variant="0" subtype="0" weight="1.0"/>
		</spawn>
		<spawn x="1" y="8">
			<entity type="3000" variant="0" subtype="0" weight="1.0"/>
		</spawn>
		<spawn x="5" y="8">
			<entity type="969" variant="1" subtype="0" weight="1.0"/>
		</spawn>
		<spawn x="6" y="8">
			<entity type="3009" variant="0" subtype="0" weight="1.0"/>
		</spawn>
		<spawn x="7" y="8">
			<entity type="969" variant="1" subtype="0" weight="1.0"/>
		</spawn>
		<spawn x="11" y="8">
			<entity type="3000" variant="0" subtype="0" weight="1.0"/>
		</spawn>
		<spawn x="1" y="9">
			<entity type="3000" variant="0" subtype="0" weight="1.0"/>
		</spawn>
		<spawn x="2" y="9">
			<entity type="1900" variant="0" subtype="0" weight="1.0"/>
		</spawn>
		<spawn x="3" y="9">
			<entity type="1000" variant="0" subtype="0" weight="1.0"/>
		</spawn>
		<spawn x="5" y="9">
			<entity type="969" variant="1" subtype="0" weight="1.0"/>
		</spawn>
		<spawn x="6" y="9">
			<entity type="3009" variant="0" subtype="0" weight="1.0"/>
		</spawn>
		<spawn x="7" y="9">
			<entity type="969" variant="1" subtype="0" weight="1.0"/>
		</spawn>
		<spawn x="9" y="9">
			<entity type="1000" variant="0" subtype="0" weight="1.0"/>
		</spawn>
		<spawn x="10" y="9">
			<entity type="1900" variant="0" subtype="0" weight="1.0"/>
		</spawn>
		<spawn x="11" y="9">
			<entity type="3000" variant="0" subtype="0" weight="1.0"/>
		</spawn>
		<spawn x="5" y="10">
			<entity type="969" variant="1" subtype="0" weight="1.0"/>
		</spawn>
		<spawn x="6" y="10">
			<entity type="3009" variant="0" subtype="0" weight="1.0"/>
		</spawn>
		<spawn x="7" y="10">
			<entity type="969" variant="1" subtype="0" weight="1.0"/>
		</spawn>
		<spawn x="4" y="11">
			<entity type="969" variant="1" subtype="0" weight="1.0"/>
		</spawn>
		<spawn x="5" y="11">
			<entity type="3009" variant="0" subtype="0" weight="1.0"/>
		</spawn>
		<spawn x="6" y="11">
			<entity type="4500" variant="10" subtype="0" weight="1.0"/>
		</spawn>
		<spawn x="7" y="11">
			<entity type="3009" variant="0" subtype="0" weight="1.0"/>
		</spawn>
		<spawn x="8" y="11">
			<entity type="969" variant="1" subtype="0" weight="1.0"/>
		</spawn>
		<spawn x="5" y="12">
			<entity type="969" variant="1" subtype="0" weight="1.0"/>
		</spawn>
		<spawn x="6" y="12">
			<entity type="3009" variant="0" subtype="0" weight="1.0"/>
		</spawn>
		<spawn x="7" y="12">
			<entity type="969" variant="1" subtype="0" weight="1.0"/>
		</spawn>
		<spawn x="6" y="13">
			<entity type="1931" variant="0" subtype="0" weight="1.0"/>
		</spawn>
	</room>
	<room variant="20010" name="MillieAmp - Mabel - WHERE'S YO HEAD AT? WHERE'S YO HEAD AT?" type="1" subtype="0" shape="1" width="13" height="7" difficulty="10" weight="5.0">
		<door exists="True" x="-1" y="3"/>
		<door exists="True" x="6" y="-1"/>
		<door exists="True" x="6" y="7"/>
		<door exists="True" x="13" y="3"/>
		<spawn x="0" y="0">
			<entity type="3000" variant="0" subtype="0" weight="1.0"/>
		</spawn>
		<spawn x="1" y="0">
			<entity type="3000" variant="0" subtype="0" weight="1.0"/>
		</spawn>
		<spawn x="2" y="0">
			<entity type="3000" variant="0" subtype="0" weight="1.0"/>
		</spawn>
		<spawn x="3" y="0">
			<entity type="3000" variant="0" subtype="0" weight="1.0"/>
		</spawn>
		<spawn x="9" y="0">
			<entity type="3000" variant="0" subtype="0" weight="1.0"/>
		</spawn>
		<spawn x="10" y="0">
			<entity type="3000" variant="0" subtype="0" weight="1.0"/>
		</spawn>
		<spawn x="11" y="0">
			<entity type="3000" variant="0" subtype="0" weight="1.0"/>
		</spawn>
		<spawn x="12" y="0">
			<entity type="3000" variant="0" subtype="0" weight="1.0"/>
		</spawn>
		<spawn x="0" y="1">
			<entity type="3000" variant="0" subtype="0" weight="1.0"/>
		</spawn>
		<spawn x="1" y="1">
			<entity type="3000" variant="0" subtype="0" weight="1.0"/>
		</spawn>
		<spawn x="2" y="1">
			<entity type="1901" variant="0" subtype="0" weight="1.0"/>
		</spawn>
		<spawn x="10" y="1">
			<entity type="1901" variant="0" subtype="0" weight="1.0"/>
		</spawn>
		<spawn x="11" y="1">
			<entity type="3000" variant="0" subtype="0" weight="1.0"/>
		</spawn>
		<spawn x="12" y="1">
			<entity type="3000" variant="0" subtype="0" weight="1.0"/>
		</spawn>
		<spawn x="4" y="3">
			<entity type="160" variant="1270" subtype="1" weight="1.0"/>
		</spawn>
		<spawn x="6" y="3">
			<entity type="501" variant="10" subtype="0" weight="1.0"/>
		</spawn>
		<spawn x="8" y="3">
			<entity type="160" variant="1270" subtype="1" weight="1.0"/>
		</spawn>
		<spawn x="0" y="5">
			<entity type="3000" variant="0" subtype="0" weight="1.0"/>
		</spawn>
		<spawn x="1" y="5">
			<entity type="3000" variant="0" subtype="0" weight="1.0"/>
		</spawn>
		<spawn x="2" y="5">
			<entity type="1901" variant="0" subtype="0" weight="1.0"/>
		</spawn>
		<spawn x="10" y="5">
			<entity type="1901" variant="0" subtype="0" weight="1.0"/>
		</spawn>
		<spawn x="11" y="5">
			<entity type="3000" variant="0" subtype="0" weight="1.0"/>
		</spawn>
		<spawn x="12" y="5">
			<entity type="3000" variant="0" subtype="0" weight="1.0"/>
		</spawn>
		<spawn x="0" y="6">
			<entity type="3000" variant="0" subtype="0" weight="1.0"/>
		</spawn>
		<spawn x="1" y="6">
			<entity type="3000" variant="0" subtype="0" weight="1.0"/>
		</spawn>
		<spawn x="2" y="6">
			<entity type="3000" variant="0" subtype="0" weight="1.0"/>
		</spawn>
		<spawn x="9" y="6">
			<entity type="3000" variant="0" subtype="0" weight="1.0"/>
		</spawn>
		<spawn x="10" y="6">
			<entity type="3000" variant="0" subtype="0" weight="1.0"/>
		</spawn>
		<spawn x="11" y="6">
			<entity type="3000" variant="0" subtype="0" weight="1.0"/>
		</spawn>
		<spawn x="12" y="6">
			<entity type="3000" variant="0" subtype="0" weight="1.0"/>
		</spawn>
	</room>
</rooms>
